word_index,word,seat,proposed_utc,receipt_utc,latency_s,propose_seq,receipt_seq
1,The,C,2026-09-18T03:22:39Z,2026-09-18T03:23:56Z,77.0,6,7
2,crypto,A,2026-09-18T03:47:54Z,2026-09-18T03:50:23Z,148.8,9,10
3,gamblers,D,2026-09-18T03:50:23Z,2026-09-18T03:53:48Z,204.8,11,12
4,rise,B,2026-09-18T03:57:09Z,2026-09-18T03:59:28Z,138.7,13,14
5,to,A,2026-09-18T04:03:19Z,2026-09-18T04:03:54Z,34.7,15,16
6,greet,B,2026-09-18T04:04:02Z,2026-09-18T04:07:24Z,201.8,17,19
7,the,C,2026-09-18T04:07:32Z,2026-09-18T04:11:06Z,214.5,21,22
8,dawn;,D,2026-09-18T04:11:07Z,2026-09-18T04:13:41Z,154.6,23,24
9,With,C,2026-09-18T04:13:44Z,2026-09-18T04:16:27Z,163.2,25,26
10,faces,A,2026-09-18T04:16:42Z,2026-09-18T04:22:28Z,345.8,27,28
11,stern,B,2026-09-18T04:22:33Z,2026-09-18T04:26:05Z,212.6,29,30
12,they,D,2026-09-18T04:26:06Z,2026-09-18T04:28:48Z,161.8,31,32
13,hail,C,2026-09-18T04:28:54Z,2026-09-18T04:31:28Z,153.7,33,34
14,the,B,2026-09-18T04:31:38Z,2026-09-18T04:34:09Z,150.9,35,36
15,waking,D,2026-09-18T04:34:10Z,2026-09-18T04:37:21Z,191.1,37,38
16,crowd.,A,2026-09-18T04:37:32Z,2026-09-18T04:41:13Z,220.6,39,40
17,They,C,2026-09-18T04:41:24Z,2026-09-18T04:44:11Z,166.8,41,42
18,cry,B,2026-09-18T04:44:40Z,2026-09-18T04:47:25Z,164.8,43,44
19,good,A,2026-09-18T04:47:32Z,2026-09-18T04:50:24Z,172.4,45,46
20,morning,D,2026-09-18T04:50:25Z,2026-09-18T04:53:13Z,168.0,47,48
21,till,C,2026-09-18T04:53:22Z,2026-09-18T04:56:13Z,170.7,49,50
22,the,B,2026-09-18T04:56:28Z,2026-09-18T04:59:20Z,172.5,51,52
23,bears,D,2026-09-18T04:59:21Z,2026-09-18T05:03:12Z,230.8,53,54
24,are,A,2026-09-18T05:03:18Z,2026-09-18T05:06:46Z,207.7,55,56
25,"gone,",D,2026-09-18T05:06:46Z,2026-09-18T05:11:28Z,281.8,57,58
26,Their,B,2026-09-18T05:11:51Z,2026-09-18T05:15:24Z,213.3,59,60
27,prayers,A,2026-09-18T05:15:32Z,2026-09-18T05:19:23Z,231.5,61,62
28,rise,B,2026-09-18T05:19:25Z,2026-09-18T05:23:23Z,237.5,63,64
29,like,C,2026-09-18T05:26:48Z,2026-09-18T05:30:03Z,195.1,67,68
30,"banners,",D,2026-09-18T05:30:04Z,2026-09-18T05:35:13Z,309.4,69,70
31,high,C,2026-09-18T05:35:21Z,2026-09-18T05:39:05Z,223.5,71,72
32,and,D,2026-09-18T05:39:07Z,2026-09-18T05:42:11Z,184.1,73,74
33,proud.,A,2026-09-18T05:42:18Z,2026-09-18T05:45:22Z,183.5,75,76
34,Before,D,2026-09-18T05:45:23Z,2026-09-18T05:48:35Z,192.4,77,78
35,the,C,2026-09-18T05:48:45Z,2026-09-18T05:51:47Z,181.3,79,80
36,sun,B,2026-09-18T05:52:21Z,2026-09-18T05:55:01Z,159.9,81,82
37,can,D,2026-09-18T05:55:03Z,2026-09-18T05:58:23Z,200.5,83,84
38,warm,A,2026-09-18T05:58:55Z,2026-09-18T06:01:44Z,168.7,85,86
39,the,C,2026-09-18T06:01:57Z,2026-09-18T06:08:25Z,387.8,87,88
40,silent,D,2026-09-18T06:08:26Z,2026-09-18T06:12:10Z,224.0,89,90
41,street,B,2026-09-18T06:12:39Z,2026-09-18T06:16:39Z,240.0,91,92
42,Good,A,2026-09-18T06:16:48Z,2026-09-18T06:20:43Z,235.3,93,94
43,morning,D,2026-09-18T06:20:44Z,2026-09-18T06:24:20Z,215.7,95,96
44,rings,B,2026-09-18T06:24:53Z,2026-09-18T06:29:26Z,272.6,97,98
45,a,C,2026-09-18T06:29:29Z,2026-09-18T06:33:55Z,266.6,99,100
46,charm,A,2026-09-18T06:33:59Z,2026-09-18T06:40:40Z,400.7,101,102
47,against,C,2026-09-18T06:40:47Z,2026-09-18T06:44:48Z,240.7,103,104
48,the,B,2026-09-18T06:45:29Z,2026-09-18T06:49:37Z,247.8,105,106
49,night.,C,2026-09-18T06:49:42Z,2026-09-18T06:57:52Z,489.8,107,108
50,Each,A,2026-09-18T06:58:00Z,2026-09-18T07:04:30Z,389.8,109,110
51,voice,D,2026-09-18T07:04:32Z,2026-09-18T07:09:12Z,280.7,111,112
52,renews,B,2026-09-18T07:09:36Z,2026-09-18T07:13:16Z,219.9,113,114
53,the,A,2026-09-18T07:13:30Z,2026-09-18T07:17:45Z,255.0,115,116
54,rite,B,2026-09-18T07:18:18Z,2026-09-18T07:22:00Z,221.8,117,118
55,with,C,2026-09-18T07:22:04Z,2026-09-18T07:26:40Z,276.5,119,120
56,solemn,D,2026-09-18T07:26:42Z,2026-09-18T07:35:57Z,555.5,121,122
57,"heat,",A,2026-09-18T07:36:10Z,2026-09-18T07:41:58Z,348.5,123,124
58,To,D,2026-09-18T07:41:59Z,2026-09-18T07:46:49Z,289.8,125,126
59,put,B,2026-09-18T07:47:16Z,2026-09-18T07:53:16Z,360.6,127,128
60,the,C,2026-09-18T07:53:27Z,2026-09-18T07:58:15Z,288.7,129,130
61,bears,A,2026-09-18T07:58:24Z,2026-09-18T08:11:37Z,792.5,131,132
62,in,D,2026-09-18T08:11:38Z,2026-09-18T08:27:53Z,974.8,133,135
63,perpetual,A,2026-09-18T08:27:54Z,2026-09-18T08:42:09Z,854.6,137,138
64,flight.,C,2026-09-18T08:42:21Z,2026-09-18T08:57:03Z,882.2,139,140
65,Revolutionaries,D,2026-09-18T08:57:05Z,2026-09-18T09:18:14Z,1269.1,141,143
66,glorify,A,2026-09-18T09:18:28Z,2026-09-18T09:34:06Z,937.9,145,146
67,gain;,C,2026-09-18T09:34:14Z,2026-09-18T09:44:53Z,638.7,147,148
68,Extraordinary,D,2026-09-18T09:44:54Z,2026-09-18T09:51:27Z,393.3,149,150
69,currency,B,2026-09-18T09:51:38Z,2026-09-18T10:00:42Z,543.8,151,152
70,glows.,A,2026-09-18T10:00:53Z,2026-09-18T10:11:00Z,607.6,153,154
71,Ceremonial,D,2026-09-18T10:11:03Z,2026-09-18T10:20:05Z,542.3,155,156
72,worshippers,A,2026-09-18T10:20:18Z,2026-09-18T10:28:52Z,514.0,157,158
73,remain;,D,2026-09-18T10:28:55Z,2026-09-18T10:35:56Z,420.2,159,160
74,Mysteriously,A,2026-09-18T10:36:03Z,2026-09-18T10:42:39Z,395.7,161,162
75,uncertainty,D,2026-09-18T10:42:39Z,2026-09-18T10:48:59Z,379.9,163,164
76,flows.,A,2026-09-18T10:49:03Z,2026-09-18T10:54:17Z,314.2,165,166
77,Religious,D,2026-09-18T10:54:17Z,2026-09-18T10:59:34Z,316.5,167,168
78,ecstasy,A,2026-09-18T10:59:35Z,2026-09-18T11:07:18Z,463.4,169,170
79,intensifies;,C,2026-09-18T11:07:29Z,2026-09-18T11:12:06Z,277.0,171,172
80,Religiosity,A,2026-09-18T11:12:20Z,2026-09-18T11:20:15Z,475.0,173,174
81,solidifies.,D,2026-09-18T11:20:16Z,2026-09-18T11:25:52Z,336.0,175,176
